<?xml version="1.0" encoding="UTF-8"?>
<registres estat="200">
   <registre>
      <field00>IMPR000004</field00>
      <field01>Ultimaker 2</field01>
      <field02>CONNECTED</field02>
      <field03>Ultimaker</field03>
      <field04>2+ Extended</field04>
      <field05>BABS000008</field05>
   </registre>
   <registre>
      <field00>IMPR000005</field00>
      <field01>Ultimaker Nueva</field01>
      <field02>CONNECTED</field02>
      <field03>Ultimaker</field03>
      <field04>3</field04>
      <field05>BABS000001</field05>
   </registre>
   <registre>
      <field00>IMPR000006</field00>
      <field01>Ultimaker Grande</field01>
      <field02>CONNECTED</field02>
      <field03>Ultimaker</field03>
      <field04>3 Extended</field04>
      <field05>BHIP000002</field05>
   </registre>
   <registre>
      <field00>IMPR000008</field00>
      <field01>BQ Negra</field01>
      <field02>CONNECTED</field02>
      <field03>BQ</field03>
      <field04>Witbox 2</field04>
      <field05>BNYL000001</field05>
   </registre>
   <registre>
      <field00>IMPR000009</field00>
      <field01>BQ Negra</field01>
      <field02>CONNECTED</field02>
      <field03>BQ</field03>
      <field04>Hephestos</field04>
      <field05>BABS000008</field05>
   </registre>
   <registre>
      <field00>IMPR000010</field00>
      <field01>BQ Negra Nueva</field01>
      <field02>CONNECTED</field02>
      <field03>BQ</field03>
      <field04>Hephestos 2</field04>
      <field05>BABS000029</field05>
   </registre>
   <registre>
      <field00>IMPR000011</field00>
      <field01>BQ Negra Portable</field01>
      <field02>CONNECTED</field02>
      <field03>BQ</field03>
      <field04>Witbox Go</field04>
      <field05>BABS000006</field05>
   </registre>
   <registre>
      <field00>IMPR000012</field00>
      <field01>Naranja</field01>
      <field02>CONNECTED</field02>
      <field03>Prusa</field03>
      <field04>Original I3 MK2S</field04>
      <field05>BPLA000008</field05>
   </registre>
   <registre>
      <field00>IMPR000013</field00>
      <field01>Gigante</field01>
      <field02>CONNECTED</field02>
      <field03>Omni3d</field03>
      <field04>Factory 2.0</field04>
      <field05>BFLE000012</field05>
   </registre>
   <registre>
      <field00>IMPR000014</field00>
      <field01>BCN3D</field01>
      <field02>CONNECTED</field02>
      <field03>BCN3D Technologies</field03>
      <field04>SIGMA</field04>
      <field05>BPLA000038</field05>
   </registre>
   <registre>
      <field00>IMPR000015</field00>
      <field01>Ultimaker Fran</field01>
      <field02>CONNECTED</field02>
      <field03>Ultimaker</field03>
      <field04>3</field04>
      <field05>BPLA000001</field05>
   </registre>
   <registre>
      <field00>IMPR000016</field00>
      <field01>Ultimaker Nueva 2</field01>
      <field02>CONNECTED</field02>
      <field03>Ultimaker</field03>
      <field04>3</field04>
      <field05>BPLA000001</field05>
   </registre>
   <registre>
      <field00>IMPR000017</field00>
      <field01>aaaa</field01>
      <field02>CONNECTED</field02>
      <field03>Prusa</field03>
      <field04>Original I3 MK2S</field04>
      <field05>BABS000001</field05>
   </registre>
   <registre>
      <field00>IMPR000018</field00>
      <field01>aaaa</field01>
      <field02>CONNECTED</field02>
      <field03>Prusa</field03>
      <field04>Original I3 MK2S</field04>
      <field05>BABS000001</field05>
   </registre>
   <registre>
      <field00>IMPR000019</field00>
      <field01>aaaa</field01>
      <field02>CONNECTED</field02>
      <field03>BQ</field03>
      <field04>Witbox</field04>
      <field05>BABS000001</field05>
   </registre>
   <registre>
      <field00>IMPR000020</field00>
      <field01>aaaa</field01>
      <field02>CONNECTED</field02>
      <field03>BQ</field03>
      <field04>Witbox</field04>
      <field05>BABS000001</field05>
   </registre>
   <registre>
      <field00>IMPR000021</field00>
      <field01>hola</field01>
      <field02>CONNECTED</field02>
      <field03>BQ</field03>
      <field04>Hephestos</field04>
      <field05>BABS000007</field05>
   </registre>
   <registre>
      <field00>IMPR000022</field00>
      <field01>Impressora gran</field01>
      <field02>CONNECTED</field02>
      <field03>Omni3d</field03>
      <field04>Factory 2.0</field04>
      <field05>BABS000010</field05>
   </registre>
</registres>
